{
	"textures": {
		"1": "furnitureengine:oak_table",
		"2": "minecraft:block/cyan_wool"
	},
	"elements": [
		{
			"from": [0, 12, 12],
			"to": [16, 28, 16],
			"faces": {
				"north": {"uv": [0, 0, 16, 16], "texture": "#2"},
				"east": {"uv": [0, 0, 4, 16], "texture": "#2"},
				"south": {"uv": [0, 0, 16, 16], "texture": "#2"},
				"west": {"uv": [6, 0, 10, 16], "texture": "#2"},
				"up": {"uv": [0, 0, 16, 4], "texture": "#2"},
				"down": {"uv": [0, 6, 16, 10], "texture": "#2"}
			}
		},
		{
			"from": [13, 0, 1],
			"to": [15, 6, 3],
			"faces": {
				"north": {"uv": [7, 5, 8, 8], "texture": "#1"},
				"east": {"uv": [6, 5, 7, 8], "texture": "#1"},
				"south": {"uv": [5, 5, 6, 8], "texture": "#1"},
				"west": {"uv": [4, 5, 5, 8], "texture": "#1"},
				"up": {"uv": [2, 0, 3, 1], "texture": "#1"},
				"down": {"uv": [9, 0, 10, 1], "texture": "#1"}
			}
		},
		{
			"from": [1, 0, 1],
			"to": [3, 6, 3],
			"faces": {
				"north": {"uv": [7, 5, 8, 8], "texture": "#1"},
				"east": {"uv": [6, 5, 7, 8], "texture": "#1"},
				"south": {"uv": [5, 5, 6, 8], "texture": "#1"},
				"west": {"uv": [4, 5, 5, 8], "texture": "#1"},
				"up": {"uv": [2, 0, 3, 1], "texture": "#1"},
				"down": {"uv": [9, 0, 10, 1], "texture": "#1"}
			}
		},
		{
			"from": [1, 0, 13],
			"to": [3, 6, 15],
			"faces": {
				"north": {"uv": [7, 5, 8, 8], "texture": "#1"},
				"east": {"uv": [6, 5, 7, 8], "texture": "#1"},
				"south": {"uv": [5, 5, 6, 8], "texture": "#1"},
				"west": {"uv": [4, 5, 5, 8], "texture": "#1"},
				"up": {"uv": [2, 0, 3, 1], "texture": "#1"},
				"down": {"uv": [9, 0, 10, 1], "texture": "#1"}
			}
		},
		{
			"from": [13, 0, 13],
			"to": [15, 6, 15],
			"faces": {
				"north": {"uv": [7, 5, 8, 8], "texture": "#1"},
				"east": {"uv": [6, 5, 7, 8], "texture": "#1"},
				"south": {"uv": [5, 5, 6, 8], "texture": "#1"},
				"west": {"uv": [4, 5, 5, 8], "texture": "#1"},
				"up": {"uv": [2, 0, 3, 1], "texture": "#1"},
				"down": {"uv": [9, 0, 10, 1], "texture": "#1"}
			}
		},
		{
			"from": [0, 6, 0],
			"to": [16, 12, 16],
			"faces": {
				"north": {"uv": [0, 5, 16, 11], "texture": "#2"},
				"east": {"uv": [0, 5, 16, 11], "texture": "#2"},
				"south": {"uv": [0, 5, 16, 11], "texture": "#2"},
				"west": {"uv": [0, 5, 16, 11], "texture": "#2"},
				"up": {"uv": [0, 0, 16, 16], "texture": "#2"},
				"down": {"uv": [0, 0, 16, 16], "texture": "#2"}
			}
		},
		{
			"from": [-1, 11, -1],
			"to": [3, 15, 15],
			"faces": {
				"north": {"uv": [0, 6, 4, 10], "texture": "#2"},
				"east": {"uv": [0, 6, 16, 10], "texture": "#2"},
				"south": {"uv": [6, 0, 10, 4], "texture": "#2"},
				"west": {"uv": [0, 6, 16, 10], "texture": "#2"},
				"up": {"uv": [1, 0, 5, 16], "texture": "#2"},
				"down": {"uv": [4, 0, 8, 16], "texture": "#2"}
			}
		},
		{
			"from": [13, 11, -1],
			"to": [17, 15, 15],
			"faces": {
				"north": {"uv": [0, 6, 4, 10], "texture": "#2"},
				"east": {"uv": [0, 6, 16, 10], "texture": "#2"},
				"south": {"uv": [6, 0, 10, 4], "texture": "#2"},
				"west": {"uv": [0, 6, 16, 10], "texture": "#2"},
				"up": {"uv": [1, 0, 5, 16], "texture": "#2"},
				"down": {"uv": [4, 0, 8, 16], "texture": "#2"}
			}
		}
	],
	"display": {
		"thirdperson_righthand": {
			"scale": [0.2, 0.2, 0.2]
		},
		"thirdperson_lefthand": {
			"scale": [0.2, 0.2, 0.2]
		},
		"firstperson_righthand": {
			"scale": [0.3, 0.3, 0.3]
		},
		"firstperson_lefthand": {
			"scale": [0.3, 0.3, 0.3]
		},
		"ground": {
			"scale": [0.3, 0.3, 0.3]
		},
		"gui": {
			"rotation": [30, 148, 0],
			"translation": [0, -2.5, 0],
			"scale": [0.4, 0.4, 0.4]
		},
		"fixed": {
			"rotation": [-90, 0, 0],
			"translation": [0, 0, 18],
			"scale": [2, 2, 2]
		}
	}
}